title,company_name,location,remote
Senior Projekt - Recruiter Operations (m/w/d),visionm GmbH,Frankfurt am Main,False
Senior Recruiter (m/w/d),visionm GmbH,Frankfurt am Main,False
AI Software Developer,Sphere,Munich,False
Senior AI Engineer,Sphere,Munich,False
Mitarbeiter (m/w/d) Kundenbetreuung & Datenerfassung,Dein-Finanzmanagment,Regensburg,False
Werde Customer Success & Marketing Manager:in (m/w/d) in einem KI Start-up für Führungskräfteentwicklung!,GrowInTheRole GmbH,Köln,True
"Head of Project Engineering - Energiesektor/Hochspannung (a) - Region Zürich, Schweiz",CONCAPE,Munich,False
IT-Support für Non-Profits (m/w/d),Leicht Digital GmbH,Berlin,False
Mediaplaner/in (m/w/d) in Teilzeit,ma media gmbh,Munich,False
E-Commerce Tech & Operations Manager (m/w/x)- Hybrid - Vollzeit,Elegance-Hair GmbH,Regensburg,False
"Steuerberater (m/w/d) in Jena, auf Wunsch mit Partnerperspektive, gesucht - mindestens 90.000€",Taxtalente.de,Jena,False
"Steuerberater (m/w/d) in Unna, auf Wunsch mit Partnerperspektive, gesucht - mindestens 90.000€",Taxtalente.de,Unna,False
"Steuerberater (m/w/d) in Oberhof, auf Wunsch mit Partnerperspektive, gesucht - mindestens 90.000€",Taxtalente.de,Oberhof,False
"Steuerberater (m/w/d) in Ottersweier, auf Wunsch mit Partnerperspektive, gesucht - mindestens 90.000€",Taxtalente.de,Ottersweier,False
"Steuerberater (m/w/d) in Fernwald, auf Wunsch mit Partnerperspektive, gesucht - mindestens 90.000€",Taxtalente.de,Fernwald,False
"Steuerberater (m/w/d) in Moers, auf Wunsch mit Partnerperspektive, gesucht - mindestens 90.000€",Taxtalente.de,Moers,False
"Steuerberater (m/w/d) in Ronnenberg, auf Wunsch mit Partnerperspektive, gesucht - mindestens 90.000€",Taxtalente.de,Ronnenberg,False
"Steuerberater (m/w/d) in Neukirch, auf Wunsch mit Partnerperspektive, gesucht - mindestens 90.000€",Taxtalente.de,Neukirch,False
Mitarbeiter Regulatorische Banksteuerung,coni+partner AG,Frankfurt am Main,False
"Referent Regulatory Reporting (COREP, CRR)",coni+partner AG,Munich,False
"Mitarbeiter Regulatory Reporting (COREP, CRR)",coni+partner AG,Berlin,False
Praktikum Online-Marketing / Marketing / StartUp [KI / AI],SEOMATIK GmbH,Bielefeld,True
Praktikum Online-Marketing / Marketing / KI / AI,SEOMATIK GmbH,Bielefeld,False
Handelsvertreter (m/w/d) für Finanzdienstleistungen,Elevate Finanzgruppe,Hanover,False
Recepcionist / Customer Service Axel Hotel Berlin,Axel Hotels,Berlin,False
Social Media Account Manager (all genders) / Onsite - kein Remote,Visual Statements GmbH,Freiburg im Breisgau,False
Quality Inspector / Mitarbeiter (m/w/d) Wareneingangs- & Qualitätskontrolle,HAGEN Deutschland,Holm,False
Entwicklungsingenieur im Bereich Dachbegrünung (m/w/d),Optigrün international AG,Krauchenwies,False
Vertriebspartner,Thilman Finanz,Würzburg,False
"Senior Account Executive, Advertising Technology Solutions",Mirakl,"Munich, Bavaria, Germany",False
"Product Designer (Mobile, Android) (m/f/d) - FlixTech",Flix,"Berlin, Berlin, Germany",False
Software Entwickler Web (m/w/d),mobivention GmbH,Cologne,False
Finanzberater,Thilman Finanz,Nuremberg,False
"Senior .NET Backend Engineer (m/w/d): C#, Domain-Modellierung & KI",Yukawa Exponential GmbH,Aachen,False
Operations & Finance Assistant (m/w/d),Ykone GmbH,Munich,False
"Influencer Marketing Manager (m/w/d) für TikTok, YouTube, Instagram",Ykone GmbH,Munich,False
"Account Manager Influencer Marketing TikTok, YouTube & Instagram (all genders)",Ykone GmbH,Munich,False
Datenerfassung,HackFinanzen,Wiesentheid,False
Senior Growth Marketing Manager (f/m/d),SPREAD GmbH,Berlin,False
Werkstudent Vertrieb / Finanzberatung (m/w/d) – Praxis statt Theorie,Shereen Patzelt,Chemnitz,False
Vergabemanager (m/w/d) Öffentliche Ausschreibung,MY Humancapital GmbH,Munich,False
Senior SAP BTP Developer (m/w/d),MY Humancapital GmbH,Munich,False
Anlagenbuchhalter (m/w/d) Assetmanagement,MY Humancapital GmbH,Munich,False
Bauingenieur (m/w/d) - Projektmanagement,MY Humancapital GmbH,Minden,False
Projektmanager Vertragsmanagement (m/w/d),MY Humancapital GmbH,Munich,False
Projektmanager Prozessoptimierung (m/w/d),MY Humancapital GmbH,Munich,False
(Junior) HR Manager (m/w/d) - Schwerpunkt Recruiting,MY Humancapital GmbH,Munich,False
System Engineer Requirements & Systemarchitektur (m/w/d),MY Humancapital GmbH,Munich,False
Projektassistenz (m/w/d) - Projektkoordination,MY Humancapital GmbH,Munich,False
Technischer Objektverwalter (m/w/d),MY Humancapital GmbH,Stuttgart,False
Technischer Property Manager (m/w/d),MY Humancapital GmbH,Munich,False
Objektverwalter Facility Management (m/w/d),MY Humancapital GmbH,Munich,False
Referent Projektfinanzen (m/w/d),MY Humancapital GmbH,Munich,False
Projektcontroller (m/w/d),MY Humancapital GmbH,Munich,False
Software Tester Testautomatisierung (m/w/d),MY Humancapital GmbH,Munich,False
Messtechniker / Kalibriertechniker (m/w/d),MY Humancapital GmbH,Munich,False
Spezialist (m/w/d) - Drittmittelprüfung,MY Humancapital GmbH,Munich,False
Projektmanager (m/w/d) Sanierung,MY Humancapital GmbH,Munich,False
Debitorenbuchhalter (m/w/d),MY Humancapital GmbH,Gräfelfing,False
Controller (m/w/d) - Riskmanagement im Bankenwesen,MY Humancapital GmbH,Frankfurt am Main,False
IT Support Specialist (m/w/d) - 2nd Level,MY Humancapital GmbH,Munich,False
Systemingenieur (m/w/d) - Anforderungsmanagement,MY Humancapital GmbH,Munich,False
Sachbearbeiter (m/w/d) - Auftragsabrechnung,MY Humancapital GmbH,Munich,False
Fachkraft für Arbeitssicherheit / Sicherheitsingenieur (m/w/d),MY Humancapital GmbH,Dresden,False
Bürokaufmann/-frau,MHS - Medical Home Service GmbH,Oppenheim,False
Strategischer Projektentwickler (m/w/d),MY Humancapital GmbH,Erfurt,False
Linux Systemadministrator (m/w/d),MY Humancapital GmbH,Dresden,False
Sachbearbeiter Finanzen / Verwaltungsfachkraft (m/w/d),MY Humancapital GmbH,Munich,False
Konfigurationsmanager / Produktkoordinator (m/w/d),MY Humancapital GmbH,Munich,False
Supplier Quality Engineer (m/w/d),MY Humancapital GmbH,Munich,False
Senior Systemadministrator (m/w/d) IT-Infrastruktur,MY Humancapital GmbH,Hamburg,False
DevSecOps / IT Security Specialist (m/w/d),MY Humancapital GmbH,Augsburg,False
Verwaltungsfachwirt / Sachbearbeiter Finanzwesen (m/w/d),MY Humancapital GmbH,Munich,False
Systemadministrator (m/w/d),MY Humancapital GmbH,Munich,False
IT Support Specialist / IT Systemadministrator (m/w/d),MY Humancapital GmbH,Munich,False
Techniker Systemintegration / Mechatronik (m/w/d),MY Humancapital GmbH,Munich,False
Vertriebscontroller im Bankenumfeld (m/w/d),MY Humancapital GmbH,Munich,False
Materialdisponent / Logistik-Koordinator (m/w/d),MY Humancapital GmbH,Munich,False
Kundenberater Private Banking (m/w/d),MY Humancapital GmbH,Munich,False
IT Administrator (m/w/d),MY Humancapital GmbH,Munich,False
Debitorenbuchhalter (m/w/d),MY Humancapital GmbH,Munich,False
Betriebskostenabrechner (m/w/d),MY Humancapital GmbH,Munich,False
IT Strategy & Project Manager (m/w/x),K-tronik GmbH,Munich,False
Finanzdatenerfasser:in,Dein Finanzpanther,Cham,False
Datenerfassungsmitarbeiter:in,Dein Finanzpanther,Regensburg,False
Datenerfasser:in,Dein Finanzpanther,Nuremberg,False
Junior Research Consultant (m/w/d),mindline GmbH,Hamburg,False
Online Marketing Manager - Fokus Google Ads (m/w/d),anocus GmbH,Hamburg,False
(Junior) Chief of Staff (w/m/d),everphone GmbH,Berlin,False
IT Support Engineer(m/w/d) Windows  gesucht,Intercon Solutions GmbH,Munich,False
IT Support Engineer Windows (m/w/d) gesucht,Intercon Solutions GmbH,Hamburg,False
IT Support Engineer Windows (m/w/d) gesucht,Intercon Solutions GmbH,Stuttgart,False
Junior Performance Marketing Manager SEA (m/w/d) Online Marketing,Nayoki Performance GmbH,Munich,False
Initiativbewerbung,keeunit GmbH,Mainz,True
Disponent IT-Support (m/w/d),Medialine EuroTrade AG,Cologne,False
Personalsachbearbeiter (m/w/d) am Standort Berlin oder Karlsruhe,dieBauingenieure - Zertifizierung GmbH,Berlin,False
Senior Personalsachbearbeiter (m/w/d),Flix,"Berlin, Berlin, Germany",False
Senior HR Operations Manager (m/w/d),Flix,"Berlin, Berlin, Germany",False
Performance & Growth Marketing Manager (Search & Paid Ads) (w/m/d),Docleads,Munich,False
Praktikum im Consulting (m/w/d) bei Horbach,HORBACH Wirtschaftsberatung GmbH,Stuttgart,False
